<?xml version="1.0" encoding="UTF-8"?>
<Configuration status="INFO">
    <Properties>
        <Property name="LOG_PATH">/data/work/batch/logs</Property>
        <Property name="LOG_FILE">koser-batch</Property>
        <Property name="LOG_PATTERN">%d{yyyy-MM-dd HH:mm:ss.SSS} [%thread] %-5level %logger{36} - %msg%n</Property>
    </Properties>

    <Appenders>
        <Console name="Console" target="SYSTEM_OUT">
            <PatternLayout pattern="${LOG_PATTERN}"/>
        </Console>

        <RollingFile name="File"
                     fileName="${LOG_PATH}/${LOG_FILE}.log"
                     filePattern="${LOG_PATH}/${LOG_FILE}.%d{yyyy-MM-dd}.log">
            <PatternLayout pattern="${LOG_PATTERN}"/>
            <Policies>
                <TimeBasedTriggeringPolicy interval="1"/>
            </Policies>
            <DefaultRolloverStrategy max="30"/>
        </RollingFile>
    </Appenders>

    <Loggers>
        <Root level="info">
            <AppenderRef ref="Console"/>
            <AppenderRef ref="File"/>
        </Root>
    </Loggers>
</Configuration>